,username
0,KeneAkers
1,BrucePerdu
2,dreams5004
3,whiteliona52
4,MahmoodFarraj
5,iiamDanial
6,ra02ne
7,Emanjalamneh99
8,Dema3ayasra
9,Longtim77483021
10,o5tikshajara
11,SanabelShdooh
12,shathaalsal02
13,IsaacxMunoz
14,AdnanOtaibi95
15,snjobi
16,RazanMalkawi19
17,LoLopatriello
18,hmbrown1944
19,AlmannaiSewar
20,petegiven68
21,RuaOlimat
22,rand_ghbari
23,Malik_o_2000
24,abuain04
25,revfmnetwork
26,HamzehQamhawi
27,janaalkeswani18
28,YazanOdeh96
29,RaneemSamer5
30,drsghamdi
31,yousefalmtareen
32,mamdohmhirat
33,moh_abuhamdi
34,jjl11i
35,aabuseido
36,yarastin5
37,dghaimat93
38,KlockCoach
39,amr_almesaimi
40,followNOORs
41,JamaeenMaria
42,SAlruhaimani
43,_roaamsameh
44,marahmontaser
45,countrieskiller
46,Jq8mS
47,jordanianpunch
48,_3bdullah2
49,Althaidi98_
50,Mo7rashaideh1
51,poet_Atta
52,sv0_xs
53,saibef
54,SaeedAlameer1
55,ZzShy
56,AbdXaymeh
57,8czs_
58,AhmadAL55497318
59,Naseralenzi20
60,Tatsanuri
61,iifaake
62,Ramia_Abed
63,BkSubaihi
64,CorenaGardner
65,mohabualasal93
66,malorikat
67,mnawer21
68,hb_albarrak
69,wtsiil
70,smalshamari
71,aldabobe_hamza
72,darweesh309
73,Vie_matongo
74,d3aje9
75,aaronsmit07
76,EmanAljbour10
77,awny_kh
78,FESCA_JO
79,aseel__alabbadi
80,kalha_k
81,LaithBawaneh
82,colonelkbs
83,Bry_Bry_Guy
84,abierkhatib
85,ElshibliHussam
86,joann_umbao1
87,abdullahal3rja
88,dabbusharma31
89,derekroy100
90,raminyo13
91,Anis_Khasawneh
92,ShMakanin
93,a7mad_alraja
94,US_SRREJ
95,Om_3aZoOoZ
96,Enass_AbuKhalaf
97,lanarad98
98,ahmedwhyme
99,TaymaAlbawaliz
100,dr_btabnjah
101,JordanOlympic
102,ramashamroukh3
103,BintRasBeirut
104,layounn20
105,AlmightyMjolnir
106,AkeelMashaqbeh
107,alfayez_99
108,_za5y
109,n__abbadi
110,iamGdkwonwifeu
111,shhabat123
112,BeaAnzaldua
113,fat1ma049
114,ThinkBarter
115,Samer_Tarawneh
116,kabusnaineh1
117,e_albdarin
118,Weamibrahem__
119,galzoubii__
120,magicforsmiles
121,Halamsharadqh
122,rslshow
123,YacoubNassar
124,NAlamiee
125,Al_harbifarah
126,jaketlarsen
127,Aishanmrr
128,Ahmed_Harasis
129,alituma_
130,Alk11Am
131,Garodjig
132,shrouqalsoub95
133,HelenZaghmout
134,nessietwihard02
135,Farah_Abulroz
136,RoaaaA72079121
137,eman_zeiad
138,ScubajenJen
139,Raedhiary
140,aseel_muhaisen
141,carolJadoun
142,RafeefGhonaimat
143,itsmajdii
144,abuqadoum_
145,Bahjat_hijjawi
146,Jawad223311
147,Aya_a91
148,TarikAftab
149,YousefBisher
150,haneenmaali96
151,JawabrehAmer
152,AooNoo9
153,mohammadodat
154,freihat99
155,KLMcDaniel68
156,ShahdAlaish
157,SuleimanShabib1
158,Marahdmour941
159,ApartmentCareer
160,f_almunay3a
161,aswad___
162,AlraibyJamela
163,omarryalat
164,fras_almshaqbh
165,noorhiary49
166,NassarHatoon
167,SHEFAA_159
168,MLAKMAHMOUD11
169,AmmarKhliefat
170,HoObadah
171,um_maria2013
172,AliKarasneh
173,MeladAlmasri
174,MaanAlhatamleh
175,hhhyariesraa
176,rohema_rababah
177,iSalehTayeh
178,aziz_adwan
179,IdrisHassan91
180,Yazan_63anii
181,MohmmadAliAbus1
182,406mtmatt
183,roqeaadell20
184,shdaif5
185,aabuzema18
186,sam_dahdal
187,__3aao
188,JeffVigness
189,HayoukRania
190,m_adnan03
191,nicknewman801
192,AlrajabiL
193,cunningham_man8
194,A__kh01
195,Najwa_AlBanna96
196,LucjanKarpinski
197,TheMontyShow
198,Natters0526
199,InkedPierced909
200,Zmachary4
201,EagleWa48282325
202,lostmindsofk
203,lina1970
204,qusai_omarii03
205,DrBalsamAhmad
206,3reen_3li
207,PalirissaLOCKED
208,Zaidthainat
209,UrUnFavYTE
210,aroob_aa
211,Travis_Burton
212,sameralsaleh
213,shatnawi_tamer
214,joud_abuassabe
215,KbasNour
216,ahmadalomai02
217,nalfayez
218,faiznasser
219,qaiskh_
220,hashem_jo02
221,MUFCW10
222,haya_alsaleh01
223,mahmoudaltiti7
224,ahmed_tawalbeh
225,AmaniADabbas
226,AmbbMom
227,rahed4619
228,mafris
229,enad_15
230,ahmadqadiii
231,ShahedAbufarha
232,ameeralshami14
233,almsllam101
234,kaityydid
235,Saveuldeen
236,rami_m_alissa
237,manar_gh19
238,BaraaAyoub2002
239,Racan224
240,OlaNaimat1
241,HDaaja
242,noor_qaralleh
243,SmithHemingway
244,nada_mazrou
245,Saadalqadi711
246,batool_harfoosh
247,ShweihatRakan
248,GhdoorS
249,mallorie_jan
250,hijaziamjad
251,OARIDA
252,gooogzzziiii
253,aseelafanehh
254,bayan_abutaema
255,bharley71
256,UNTalentJobs
257,Kh13Tamara
258,AhmadGhanayem1
259,AseelAref4
260,shahrah_mahmoud
261,Toleenmanasrah9
262,Moexba
263,msmlrasmms
264,RealDJDrohn300
265,Nour_Aldeen_mq
266,AlaaAltarifi4
267,MO7MAD_F1
268,jwr46
269,nourralrai21
270,morad_fcb1
271,Asmaljaberi
272,AMEED_ARS
273,eng_hala03
274,nonstopeurotrip
275,TawbaShamaileh
276,saadalrabie0
277,mansur_awad
278,maanchannel21
279,omarabdalghani
280,alialmuhaileej
281,waseem_tamony
282,DN8O2YbNEjvrVol
283,TammousFares
284,HazmAdayleh
285,hamzanga
286,yaramalfayez
287,ChiefScarneck
288,karl_kabrajohn
289,sokaina12296
290,mhmdzamil_
291,amalqudsi1
292,AseelJarrar5
293,RawanDaas
294,mohammadmaaita_
295,3alematnialgrba
296,Abo03mansour
297,AlexaAmman
298,az_uo1
299,alnabelsiw
300,martinfbarna
301,aamirnorman
302,fajeralsaifii
303,bear_brown89
304,jasonmilesAoC
305,salsabel_zghoul
306,Batool_alhmaydh
307,dr__hd
308,omar_rjoub
309,FAl9aifi
310,jordyjourno
311,RashedNaji
312,_16yaz
313,SarahSalomari1
314,its3YS
315,Ghazal_H2000
316,SpicyPisces_222
317,afsputah
318,EdaisBatool
319,AkthamBaqaeen
320,HD_KSank
321,jordaneasley
322,moath_sy07
323,Banan_AZD
324,Italian_Ute
325,donziadhjr
326,alooshfellow
327,AbdAlHameed01
328,DrFedaAbuAlkha2
329,Cordova11_COB
330,M0hamed__Allam
331,_raghadii_
332,HasanM_Jaber
333,Rakan69953038
334,SayedFarah
335,khaled_alwrikat
336,afrahsur2021
337,ALDAFERE_
338,bitch_zaid
339,alecaceevans
340,5dfw3
341,Mustafa_aloudat
342,HalaObeidat16
343,zain39664394
344,WorldFlags7
345,GarabiMohamd
346,Alshattle12
347,MoALjaberJO
348,nadaal3hotmail1
349,saleh_ajram
350,e_Ahmad_Nassar
351,rednishikirider
352,OulaFarawati
353,karam_ajore
354,MohmdAraj
355,jain2_6
356,Fatimabk2002
357,talalalassem
358,Amr_faisal01
359,shathadnan
360,Mohamed_3mosh
361,InaKatalinaa
362,UmNASSE97690723
363,MeritClark
364,mohammad_tkd1
365,RuruQassisNNN
366,monesobe96
367,BabanMubeen01
368,S_SD1
369,Iimarwan_j
370,rababah_zakaria
371,bany_hasan
372,najimq1
373,AishaRazem
374,x6NjWdK48i86rlM
375,gage_1987
376,JacksonLloydNBA
377,sa7bt_alsmo
378,Dll4l
379,karamhusban
380,k0deto
381,midhatsabah
382,osama_ryalat
383,AblaAbdelhadi76
384,kneedeepthought
385,barakrm1
386,dania_omari
387,ahmad_abdulghni
388,mohanndkhazale1
389,Huda52875
390,NotCrisCworths
391,FarahShebli
392,thehashemshow
393,SLCScanner
394,alexkou018
395,shahdt94
396,Al3rfanNews
397,RacingDimension
398,Alnajjar32x
399,morndha
400,umsael80
401,1vvvui
402,SDenning23
403,dalfkh08
404,soudkadi
405,yukaa_sa3d
406,gr8justinc
407,gregorytripp
408,leqaalkadi
409,DanaAlQassas
410,Maysaalkhrisha
411,Qaisaburumman_
412,MohaDaas1989
413,SalahFarah_
414,Jameel_aburayya
415,pix3licious
416,shahednsour93
417,marwa93i
418,WambersWhimsies
419,BIJJZnqoa02S7II
420,Tasneem_hiary8
421,saraadas
422,leenqadoumi
423,RashadAnabtawi
424,SemyaIbrahim
425,reema97019370
426,hazem_altorman
427,lbn_helal_otp
428,Happiness19_3
429,AAOdat97
430,MeshwarIbrahim
431,jillbassett001
432,khaled0rousan
433,ItisMoody
434,ReemAlwadi2
435,hannoosh2020
436,Netsrik39
437,AreejIbI
438,1dannylyons
439,superno0ova
440,Heaven_Nyx
441,CougFanRodge
442,afaf54_
443,fayalharbix
444,zzaaiinnnnn
445,SuhailJouaneh
446,mobeidat22
447,Halla_almajali
448,falmansour95
449,YAlmuhasen
450,AhmadHasan__
451,Malhourani86
452,Noorma_96
453,MohammadAsfour
454,BasharSalamat
455,Tariq_zoubi96
456,m3n_Jo
457,Heba_3699
458,IxuCwQzcx2hrY0q
459,alkasabrah
460,6662x_
461,MothnaHourani
462,kubaisi_kamal
463,m_b_n74
464,AtmanOf
465,AbdullahJQudah
466,WesamAbuAli1
467,NasserMisk
468,adnanmobe
469,RafeeqDarwish
470,zainasalous1
471,SQLFitness
472,its955_
473,brandi_clouse
474,Mo_Abohalima
475,amnaalmutiri
476,AymanDababneh
477,drhzr0
478,byronkump
479,Mario89551637
480,FarahAlghani
481,foresight32
482,Mo_Hekmat
483,AlessawiAhmad
484,sawsan_Hs
485,raghadsal49
486,yazanalkhadir
487,Osama_Odat
488,itsRamlet
489,i26ee
490,omarjabali
491,eroticult
492,Drmohammed1996
493,alowid___
494,sarafalhatem
495,IRaheem01
496,samashereen
497,Mhmdshammari1
498,AfnanA98
499,7amdy_903
500,OsamaZaina
501,vri3_
502,borodyn_socio89
503,Heba3ssam7
504,ChildrenMuseum
505,RandAlKaraki
506,BAls_01
507,alazzam_mohmmad
508,yazanzain4
509,roachRegent1
510,Aapesh
511,SinghParm8
512,QatarEmb_Amman
513,AndriaFinau
514,ainbali
515,97rozq
516,Yazanmomani1
517,MZagareet
518,AmmarMismar
519,akzureikat
520,n63na
521,chasejc97
522,Muhamma46659680
523,yousefabukhait
524,AlMa7ameed
525,ZiadAbabneh
526,salahadeen91
527,LuckyBlackmamba
528,Coltjae_
529,brcnson
530,fedaahamdan
531,Naba_anwer
532,KeepingItFresh1
533,luma941
534,waleeddaghmash
535,hananbaniamer
536,akramjamil04
537,Dr_KyoOo
538,demhathaway
539,AnasMadanat
540,ziadlebzo
541,QAlkadi
542,Gollanar80
543,riad_ghanma
544,YousefFUTCoin
545,jeelanbdour98
546,Bilbao_Baggins
547,FarohaM
548,vishahd
549,AnningRacheal
550,aymankhlifat1
551,BerniceGriggs11
552,Talal_Fanash
553,mbins66
554,bany_hamad_
555,ssjawhari
556,LoayNsairat
557,fearlessrahmeh
558,omaralshaweesh
559,greyjedicam
560,basel_fadel
561,shaimaagh993
562,Marah_yousef
563,Mireeeiille
564,ekramalali7
565,walaa_obeidat1
566,amer_jamal2
567,sashsaj
568,talasunna95
569,sanaakhraim
570,rawanmdahiyat
571,momomani93
572,Hadeelhajmohd
573,9ixr2
574,bash_jor
575,khaled_waq
576,samishakeebfx
577,jarahA7mad
578,Abood_Kh92
579,Tarek7ajeer
580,bisherjuve
581,Merrvaatt
582,Dahles_Tax
583,HamadAlnaama
584,JHammondC
585,RhonerhT
586,mohammadsoubh
587,AlmuthannaFaqir
588,Lamabasha65
589,Metallidave
590,M7mdAyoub97
591,nafe3swed
592,ALABDULRAZZAQ6
593,waleedthevirgin
594,Curtocooper
595,5l77i
596,youngmalum
597,AbdallahAlhus10
598,shawerma_man
599,khafzenFerera
600,aljasimy1982
601,asaad_dima
602,notmennaa
603,PhHessah
604,EmanAkour
605,DinaKamal
606,JordanHSpeters
607,LayaliRafi
608,Hishambasha_
609,Smo_almarjlh
610,HIDeadSea
611,issahyari
612,nasser89_alfad
613,umemadkawar
614,anas998_
615,aliialhasani
616,aishaalkhayyat_
617,chiragarora
618,osamacartoons
619,ZainaHajali
620,bresoter
621,Shathasaqallah1
622,divine_keisha
623,AhmadNsour13
624,iiOmariSensei
625,myammelhem
626,AmandaMonson
627,__Dimii
628,EHadaddin
629,AmjadAbuHilal
630,ManUnitedlyfer
631,maamoun_yousef
632,Hala_murad
633,Aboosh
634,_JoshuaTimothy
635,Manar88575276
636,_3badi9
637,gwhizdesign
638,JameedaESC
639,lexigvnn
640,AbdAlhyari
641,munaaltaleb
642,QadisiyaArea
643,WisalAlsalhi
644,GAlkayed
645,tasnimusta
646,i_Dania__
647,ghalghoulaa
648,mohamma31034912
649,karakimohamd
650,hempohimbo
651,abhasan17
652,MRSumrain
653,AwabAlotaibi
654,WestJordanUT
655,5aled_als3eedi
656,FirasHajaya
657,Furat60893653
658,3tb279
659,HaidarHadi
660,Dalalalhatem
661,31i31i
662,alheresh91
663,Naheel2018
664,SafaTuraif
665,Mmesleh3
666,315DOLAN
667,R_Fayyad
668,a29_als
669,Mohd00508212
670,q8_3fmr
671,moh_shhab
672,M_AlDhaHeRi63
673,OraibAlRantawi
674,GhassanHalawa
675,gharaibeh_adel
676,TareqJuma
677,En_Ghalib_Awwad
678,sarahselwadi
679,Safwat_Safi
680,Ahmednserat911
681,Aliazza72672322
682,matty_howard
683,Ossaydmz
684,NaserAlayed
685,R_hanoun
686,withBaraah
687,CoachDrewNelson
688,AlshabanBashar
689,NadineRadaidah
690,TYMhomes
691,FKanakry
692,KahelShouq
693,Hamada_mas_
694,aburomman65
695,xcbxkwC4Qo6OnbG
696,ALJANAZA_
697,samira_issa
698,itsNuhaa
699,haithamshunnaq
700,RawanZumot
701,almajalieh
702,alrowaily_a
703,A__um8
704,khalidm7_96
705,Osaidbzuor
706,AbdulsalamTara1
707,Ana79954017
708,alrabaiah
709,psychoelogy
710,star_fad02
711,ecoldrews
712,Killers_OF_King
713,MoIQTAIT
714,BeeDro_1
715,altmimi76
716,Arqawi92
717,milanesta3
718,OmarAlMunir
719,M_alghanim97
720,AlghadNews
721,alialdalhm
722,SinaSoubar
723,MumenHz
724,salmawalid_
725,RejeemBlaRejeem
726,Jabali079
727,tarik_kedra
728,Sara__Iraq
729,donmurad7
730,MohammadFQudah
731,M7tmtm
732,hayatfmofficial
733,shadiAlshraah88
734,HibaWaleed5
735,Dany39422899
736,gzoudy
737,FakhriAbuhatab
738,_RashedErhamah
739,chefindisguise
740,husam_taee
741,aliamro89
742,dr_zezoo_94
743,sowedyan
744,rdawy
745,dr_albloushisky
746,nedaljaqqamah1
747,jamesKarugu
748,BadiAlmhareb
749,Moayadbalbisi
750,DaianaTaiseer
751,AbdullahFaqeir
752,Marsymarah
753,_wheezus
754,vints
755,DougieT4
756,dloool1
757,AlbannaZhra
758,Ahmad_Abdulghan
759,mohamadsalim_89
760,jalalawii
761,FatenAbdelwaha3
762,Free_Media_Hub
763,ManarAlamm
764,neatjordan
765,Ahmadalshayip
766,iir974
767,almost_lovedd
768,AnwarAAKA
769,MOAYAD_IAM
770,Makkieh1
771,Hajayam
772,yazankhader
773,Malazmi88
774,ArslanShishani
775,reem_bataineh
776,hbaidaa
777,halajouda1
778,AL_Huwaitat_
779,Abeerayyoub
780,ajz1992
781,alkaramaju
782,khalelalswaity
783,Ahmad_Naimi96
784,coachzane
785,RickHindi
786,JY4CO_
787,Saif_Hamoh
788,vkx1144
789,Chiefmahoo
790,Kalhamadd
791,Fh_59x
792,Mohamedalshare
793,m_jaber91
794,AnasBtoush
795,HussainAshknani
796,emayjordan
797,hindkhlaifat
798,GasuKiarra
799,Hawie_s
800,RatibShawabkeh
801,hudasalameh95
802,ShorouqM96
803,al_alzoubi
804,codingtacos
805,AseelHaupsh
806,T_basbous
807,A1alsaleh
808,martincasaus
809,WWSweets
810,Reemi27_
811,reema_abbadi
812,mosawi86
813,worldtravelista
814,dmblees
815,zeidbh
816,laratamash
817,hajali94
818,aref_tariq
819,nadaladdin
820,leen_811
821,alwzerh2020
822,funfourU10
823,BilalJaradat
824,hassan_khlifat
825,Laaaaaith
826,aladwan_ayman
827,EzzSamhouri
828,YaraNkhateeb
829,moeaf88
830,moh_noor94
831,Nouryn94
832,nathang5000
833,Cyrinall
834,Ranaalarabi97
835,adam_omar2
836,McCarthyNISD
837,sayeghra
838,ShaltafMohammad
839,alieurka
840,2shizzles
841,bmarcello
842,sh24120
843,khokh71
844,anas_hanandeh
845,ILearnJo
846,vvdelightful
847,DaliaSrouji
848,Jordan_Jensen6
849,S_Hamdan4
850,neiliyah
851,drsamkari
852,iOmarkousa
853,marouf_samer
854,T96_11
855,sawalmeh_hussam
856,iamalexbirkett
857,MsBeanes_TISD
858,MaianneNielsen
859,sara_szafranski
860,rababah_othman
861,m7x7mh
862,Queen_Asmaa7
863,mamoonanshasi
864,aredletterlife
865,AlmaaytahAya
866,BayanAli90
867,yasmeen_omaar
868,AlghunaimRashad
869,Sam0m0m
870,TamerGar
871,OfficialHajbi
872,EmadAkkawy
873,MohammadQuza
874,_Jass29
875,LujainHijazi
876,marinawphoto
877,fhdalfaresi
878,thunaibat96
879,danna_bibingka
880,Saraagarni
881,hrlhamm
882,ManaiaBrown2
883,HeadStrongDoc
884,AgroManTek
885,Phyllis_Shanie
886,waheieB
887,AibefSamia
888,Waleedalkurdi51
889,srsr_albesh
890,Aliakhaled44
891,Ali48254552
892,oklafaleh
893,AljaloudiHusam
894,k3abn
895,allwesamm
896,alsalamah_10
897,BasarFukaha
898,MohammadRaeed91
899,Rabid_Pogoista
900,MoanerBottom
901,MalikaSabaa_99
902,ewll16
903,BaileyJarell
904,Gregory_962
905,remasalabadi1
906,dcRababah
907,marwa_arabiat
908,Sadeen1002
909,waedaburas
910,alhamsahmad1
911,ManarMh16
912,SuwanZiad
913,NafeJordan
914,belalh93
915,SerialHBreaker
916,olamomani_02
917,NoooooorAli2020
918,ra2xjj
919,d_helms11
920,belalkofahiii
921,HouraniEsra
922,MajdAljaghbeir
923,x_4i_
924,FatimaAlmomani7
925,Omar_j_Alsayed
926,A_H3ii
927,abdalrahmansda
928,Majali40
929,sukhonomar
930,amasadeh96
931,hassanazzam21
932,Shmalr_
933,ScottOzPhoto
934,abedjamil_
935,tmj_UT_LABOR
936,Hebadajah
937,shahedalhumoud
938,eyght8_eyght8
939,Sohaib107
940,Wishmaster_Ray
941,BaderMadi67
942,SeventeenthStar
943,a06883302
944,AsiaTarawneh
945,PKBshaw
946,itsabusamra
947,ArrantisyFalah
948,AlhijjawiAmeen
949,_sleepaholic__
950,TaifAAskar99
951,HadeelOmari9
952,abdullasar54
953,crestal_9
954,kan_sadeqe
955,larayoub
956,Lorei10711352
957,s_herzallah
958,AlqudahTameem
959,jc_carret
960,MahmoudMow
961,jassem_alsh32
962,BradyPett23
963,alajarma_maha
964,RegenaBritton
965,Basmafaisal96
966,CThompson44
967,HubmenFootball
968,ahmad_alsayed99
969,lolomrashdeh
970,HOTTAESCADA
971,AlkubaisiSha
972,sohiub_ktebb
973,2nos97
974,maha_mooda
975,dania_shabaan
976,Rama_Alyoubi
977,try2it
978,IAmWSmirat
979,mnfzxi
980,OsamaEljuhani
981,bones5692
982,Farahabed1994
983,VietHeartPA
984,wisamrabae
985,algharaibehseba
986,elharbi5
987,AboodSalameh6
988,AbdalrhmanAAM
989,MohAlbsoul
990,WreikatTareq
991,mackenziemorgan
992,alnfaiet
993,maherisok
994,JoeAmbr91128289
995,NawaflehMolham
996,danoo_140
997,mo764x
998,LespecialSa
999,saddam_badran
1000,Hamzaalmuhaise3
1001,saralynnburnett
1002,Homer1361
1003,Shahedalbitar
1004,ninoalibegic
1005,RubaAjjour
1006,_abughoshi_
1007,BaraKharabsheh
1008,AlhamdanRoqaya
1009,musmar0
1010,LaraH20201
1011,Ranaaa_93
1012,m_abbadi305
1013,hamzehmohammad
1014,Samee7radi
1015,HDesigner97
1016,atef_halaweh
1017,Kahmad89
1018,f_al3thb
1019,alkhattabmaani
1020,llujii_
1021,bourashed
1022,ab_al7umidi
1023,talal_alhadid
1024,SarahDool
1025,Hhb7xx
1026,EMAD4WARD
1027,rlll_x7
1028,lgc_amman
1029,izzatyhmaira
1030,_zzaaiinn_16
1031,johnwdavis
1032,NadaAlabdullah4
1033,SiliTauk
1034,alexis_chi7
1035,Kraditor88
1036,ehsan81alamodi2
1037,iamkinman
1038,Ever_xxo
1039,BaderRifat
1040,OCT_B97
1041,kellyeconnelly
1042,CryptoCarc
1043,ProfAlldredge
1044,Gregorygpage2
1045,BigBen212
1046,RuriHapsari
1047,j9atp
1048,MrsTamiNeal
1049,pxooow
1050,myott_the_twink
1051,1212Zaidi
1052,teannaanicolee
1053,7xmza1
1054,AlmthnyAlzyadnh
1055,iz_2h
1056,jankh_
1057,t_althaferi
1058,Dranasfaqara
1059,alomari_turky
1060,Yasmeenaldalala
1061,odaialrrefai
1062,MahmoudAlhamad0
1063,NaturalNav
1064,tmj_slc_pharm
1065,nasserfreahat
1066,JorgeGRodrigue4
1067,Sohib_bnysakher
1068,RehamAlzoubi666
1069,FatenaAyoub1
1070,omarodat1997
1071,raltasha
1072,Fha_76
1073,nonx_55
1074,mr_jimmer
1075,tristanbills
1076,almazrooei2002
1077,ThornwingMLP
1078,msztr
1079,tmj_slc_transp
1080,Doha_AK
1081,mahassenhomsi
1082,Mennaababseh2
1083,ZabenAlZaben82
1084,Abufahadaladwan
1085,mariamal_65
1086,enasalabadii
1087,7ananAlsori147
1088,alq_rz
1089,duffymishal
1090,walaa_obiedat
1091,katieeking
1092,en
1093,pratico_teresa
1094,Atieh1Atieh
1095,Saleh_Alsayyed
1096,adlikandah
1097,Danaaltarifi99
1098,Ramaalshayeib1
1099,Noam__Trades
1100,kuwait_856
1101,HanaynehLaw
1102,Neuperh
1103,leenn_abujaadah
1104,akram_alwahidi
1105,alkhdour_amani
1106,1M12ii
1107,malenzi27
1108,jarrahalsuwait
1109,GWilsonClark
1110,mazrui_a2
1111,AlaaQue46036688
1112,fyarak
1113,Zaid08448792
1114,RuhifaBatarseh
1115,KazzTorabyeh
1116,NabihDweik
1117,drsgu3
1118,maleknasser99
1119,Mohd48489709
1120,nadadiaryy
1121,ZAlsaudi
1122,ilyssa_lee
1123,DrAlrefaei
1124,esraa_qweider
1125,Susanforney
1126,QAjarmah
1127,_EngReyo
1128,YOUSEFKhaled000
1129,DerekBradPhoto
1130,z_98x
1131,zayraneth_
1132,CadeMcCall7
1133,AlfalwjyMhmd
1134,EnchantedByPJM
1135,iii97ia
1136,comadortwit
1137,04_toleen
1138,mutri4x
1139,raecastagnotaft
1140,_btcole
1141,LababnehMajeed
1142,AYEHSHABIB
1143,JessDayGeorge
1144,jordanwinery
1145,fyujioo_
1146,Sra_GCardenas
1147,ayasra_amjad
1148,SaraEiad95
1149,holder4444
1150,Samer68
1151,mai232s
1152,Abdalla88548971
1153,_AL_HALEEQ
1154,ahmaddawagreh6
1155,lathalbdarneh
1156,bswigg
1157,8an_JSL
1158,malslaheen
1159,halagunmen
1160,JahdaKhalil
1161,foof970
1162,aldhafiry24
1163,a_22xm
1164,Sohaip_kh1997
1165,omran_aldaja
1166,mahmoudmazrawi
1167,H28CH
1168,BasharAlajouri
1169,AlkarakeAoun
1170,SuedkurveTO
1171,rafatmed
1172,ahmad_sheyap
1173,graeme_currie1
1174,EngelWX
1175,rmtkmbowermam
1176,EBarood
1177,kwhas_7
1178,Oobeidat12
1179,fedaa_abbadi
1180,bssamalatawi
1181,iembot_slc
1182,M7md_Lobani
1183,JordanHSBands
1184,iin_37
1185,mgm9810
1186,Loloala57
1187,marahahmed44
1188,Mohamma43826626
1189,qa3dn
1190,qusai_khrisat
1191,Ismail66535573
1192,_412b_
1193,MushiraEneizat
1194,obeidat001
1195,61mti
1196,sunilb1966
1197,SaddamSayyaleh
1198,jchidesterMD
1199,Shamekhajarmeh
1200,mohamma50001992
1201,FarahThnaibat
1202,khbtcc
1203,GhadaSheikh
1204,ItssGalia
1205,renadkhair201
1206,ibrahemhyasat
1207,AnmmarSaifan
1208,_marvii6
1209,qn__u6
1210,sarkar1986
1211,LanaAlJaghbeer
1212,solarabic
1213,leenmoh2003
1214,saleh_abonaji
1215,Walaa_w994
1216,byarabop
1217,Sarah97Zg
1218,marwanalwazani1
1219,rachel_reviews
1220,ChelseyRaeBake1
1221,JJoshi_HISDCTE
1222,7amod_3raqi
1223,AlshomalyRaghad
1224,Xc0derX
1225,JohnBanghoff
1226,maly__111
1227,JordanCenter
1228,mdashtiix
1229,AlHamoud2_
1230,Tennis_cghsnc
1231,afrah_alfayez
1232,gaq8__
1233,alshatii_r
1234,ErinBlasko
1235,p78_u
1236,lrbuy21
1237,RAGHAD51483297
1238,Karam87561816
1239,UofUtrauma
1240,Raghadshakhatr1
1241,llmustafallll1
1242,L_AlDH
1243,dana_362
1244,USEmbassyJordan
1245,HadeelMohaa
1246,AbdruhmanDradka
1247,MarkCavaliero
1248,salehkurdi12
1249,nshahwan1
1250,hftjobs
1251,JonathanMeres
1252,shahdtahrawi
1253,GhaithHiary1
1254,tasneem_sabeena
1255,JordanNature1
1256,aseelsulaiman95
1257,joumana_agha
1258,PhilippaBalshaw
1259,lara_ryalat
1260,Waleedfromearth
1261,badersubah
1262,mavilayali
1263,leennassar_
1264,hhala_8
1265,aaggad
1266,Abedatieh1998
1267,abujabal145
1268,HbkuE
1269,subhi_mahfouz
1270,_0qili
1271,janet_Ali_1
1272,b7r_r7
1273,maybeitsme0
1274,SexyVIberFart
1275,RanySADER
1276,Sh_Ali29
1277,WBSCPresident
1278,AhmedHamzaGIS
1279,eyadebeido
1280,reham_makhlouf
1281,Mo7amd_alsardy
1282,de7ani_s
1283,mnhnr31
1284,Qudah_Saif
1285,Am23iix
1286,BatoolAyasrah
1287,e7lti
1288,jannat0022
1289,ramzirihani
1290,itsbrooooklyn
1291,s9by2
1292,sireen_hamzeh
1293,nelisaniu_
1294,aln3imi03
1295,yjaradat
1296,ghaai4_
1297,Salambshara
1298,Saifalrhahleh
1299,BigDCobb1
1300,JoshuaAndrew0
1301,Ahmedmagableh1
1302,3dmation1
1303,Raghad_alsardi
1304,QusayKasasbeh
1305,memoxboond1986
1306,OlimatMohmad
1307,evavpatrick
1308,EvanD
1309,abu_elbra2
1310,souad_alsayed_
1311,thejonL
1312,KhriesBasil
1313,CaseyRobinson6
1314,itseian94
1315,wD84WKFJi3bH0e8
1316,nafessa_rz
1317,dotsugar_irbid
1318,lukatalkstech
1319,8_xc7g
1320,Alshatti75S
1321,LoloShaheen13
1322,Alyai_14
1323,101HM_
1324,MwydAlnatwr
1325,sukainamadadha_
1326,ayah535300
1327,farahalnoaiqa79
1328,AhmedObadAlnaj1
1329,jojsin_
1330,EliasAbuAta
1331,reememad0
1332,al_thabata
1333,ablada3
1334,wwhb2016
1335,BJE_Wolverines
1336,Waleed_As3ad
1337,abbas_daaja
1338,m0athhlalat
1339,HaithamIrshed23
1340,totsinan
1341,abu_naja2002
1342,shahariar_sadat
1343,Notsha7e6
1344,RoNaimat
1345,dsataoah
1346,alzahraadokhi_
1347,zaiter_amani
1348,Katie_Marie82
1349,badralalamii
1350,SbehatSewar
1351,Alex29572766
1352,its_doaaaa
1353,JowanaSadeq
1354,AngelaR314
1355,akmsh11
1356,KenthJacobsen1
1357,AlkhtybRby
1358,MohammadHaji91
1359,MoIATUAE
1360,h_albarri
1361,firas_jouide
1362,iammontther
1363,almassa_jordan
1364,aliahdomino
1365,MaherNasserUN
1366,AlomaryRola
1367,i24s__
1368,mayaalmasri16
1369,r222nii
1370,Nashmiyya
1371,mrwasatch
1372,MdAlami34308021
1373,Nohaajeena
1374,El2rdoni
1375,alleya200
1376,Mohammedmajal
1377,beboO_hiba
1378,chasingtheskies
1379,villegasrosado
1380,ParkShahd
1381,funny2dye
1382,habesalqisi
1383,almaghrabid
1384,CACorso
1385,ddestsanchez
1386,cajaaw
1387,urfavmahmoud18
1388,BatoulBati
1389,Al_DWIKAT_1999
1390,leo0_22
1391,sterling_801
1392,salmanalassaf3
1393,aseelattoun2
1394,hooralsh_
1395,N_dajah
1396,sr_iup
1397,weshaa7_
1398,Rahafalkhaldi33
1399,RutgersMBB
1400,NetflixAndHell
1401,Armada555
1402,MutazHadi
1403,darawish82
1404,marahhiary_
1405,MDTiptonMD
1406,omomani
1407,hurani_yasmine
1408,RAlmtyrat
1409,AlmajaliSaad
1410,eidaburumman058
1411,Sara91170570
1412,br2lii
1413,AwamlehEsraa
1414,HinaYouseph
1415,linabaik04
1416,swvroh
1417,s6cx_1
1418,shaima_mahadeen
1419,RonyKhair2
1420,HIS_JO1
1421,YousefAminJaber
1422,mlenzi__
1423,umlaith_94
1424,HoraniSura
1425,AyaEssa95
1426,abwnaeF7
1427,mohamma91302145
1428,AtaraxXx28
1429,yaqen08382
1430,Kamal_Masri_
1431,_shd101
1432,Karlie_Place
1433,Musabalnahawi
1434,WBSC
1435,saadeh_shaimaa
1436,KBloushii_
1437,NoraAldhafeeri
1438,hopealenezi
1439,haneenmait
1440,NadeenAbuznad
1441,roaa_aldajah
1442,naathannn
1443,a2pugmom
1444,IbrahimSafa
1445,Rj_Iloilo1997
1446,ElShowRSL
1447,mooony831
1448,DoubleOhNegatve
1449,Sentinel2Bot
1450,robinsry
1451,MDStrawPSU
1452,744_Mai
1453,_noxur
1454,toupstroop5
1455,shel10lexi
1456,CoachSess_Chin
1457,glitr_4_bkfst
1458,_iiiii62
1459,faraahh296
1460,almasri_suhaib
1461,wormjohnson
1462,AbuayshaMajed
1463,A_Ali_Alshapi99
1464,dana_7assan_
1465,MSU_WBasketball
1466,Jalila_Jordan
1467,DrMarkMcinerney
1468,tasneeem04
1469,kailitwins
1470,shadesofvintage
1471,ChrisMFischer
1472,CourtLHenry
1473,Omar_Banisakher
1474,lina10011
1475,ehia_r
1476,Infoomar1
1477,7lnnm
1478,mymd43633483
1479,the1stSaif
1480,Mahoozz
1481,zainab_721
1482,Hamzeh_Alayani
1483,3bbadi_m7md
1484,a9ti_
1485,SohaibSH8
1486,Romosh_y21
1487,PennStateWBB
1488,TamimyReef
1489,oo12__1
1490,nna478
1491,ar__alkandry
1492,NLatayfe
1493,JordanJcca
1494,AhmadNatshah
1495,marriiam67
1496,univerplatform
1497,shatha_alniamat
1498,craftoum1
1499,Eureka_Academy
1500,6Uglyhomo9
1501,muneeraSD
1502,EricaEfron
1503,tashedh22
1504,ThabetNaser
1505,YFanGirlJ
1506,AubreeMorgan
1507,dattboii_lj
1508,HoldenCooper1
1509,y2000k
1510,theycallmeStu
1511,ShbeebIbrahim
1512,rashed_ob22
1513,Omarsal80002805
1514,AYAAlDMOUR7
1515,mqdah1
1516,KertDee03
1517,hebronali
1518,Ahm05444637Waad
1519,spaultify
1520,ElaiwatSana
1521,Alr1Alrawashdeh
1522,TommyMilagro
1523,adnanalsawair
1524,PlJxTWGyM7RZ9yZ
1525,AhmadMAwad
1526,Abdulla_alelaj
1527,hfchussain
1528,MohammedIdrei
1529,saafin69
1530,basharkhateeb04
1531,AbdelwhabHamzeh
1532,farah_faris58
1533,NickRose1419
1534,TalaAlqawasmi
1535,esaaaaaaaaaam
1536,CanEmbJordan
1537,DanielleHone2
1538,AnukramAdhikary
1539,AlmasaeidBayan
1540,cococannolis
1541,mndr03654893
1542,randtarawneh12
1543,mukarram02_
1544,jumana715890852
1545,a_shar0
1546,llazpi
1547,fiilyl
1548,irlembjordan
1549,HwetatJehan
1550,IgorUlitsky
1551,somonestrong0
1552,SalehNadi
1553,AliBinSamikh
1554,MoutazO
1555,motazqadan
1556,mylove43908696
1557,AlawamlehZ
1558,JUMPMENA
1559,koprulu_02
1560,acmcompany2020
1561,Stephen76455434
1562,abosteef2008
1563,RyanRomeike
1564,qudah_afnan
1565,AhmadMualla14
1566,IDChrisMartin
1567,talamobley
1568,BryceM_B
1569,jordaneacea
1570,AliahYS
1571,lougenKh
1572,kawaiii_papi
1573,josherwalla
1574,DJJarvicious
1575,brian_schnee
1576,The_SwedishFish
1577,_q79_
1578,fatimaaljbour03
1579,MariaHadjitheEU
1580,momen_hmoud
1581,amraq_
1582,StocktonFowlks
1583,OmarHorani1
1584,Nabilkolaghass1
1585,itti_mo7md
1586,MagedMekhil3
1587,marahaldaqqa98
1588,hskalkandari
1589,zaidoon_saleh
1590,SaMgraphicsJO
1591,_vipp8
1592,abdyousef10
1593,grid_events
1594,ayamiramhmd
1595,a_alkhatllan
1596,taqiathome
1597,calcrz
1598,noor_naimi
1599,caraleones54
1600,usagitycani
1601,Kaan_Cetinturk
1602,lex_do_this
1603,ciao_dia
1604,aroobabed
1605,hamzahijaje
1606,stephenbk0
1607,GloriaVeraBedo1
1608,hasnaothman03
1609,karterbttm
1610,n_44789
1611,khaledaldweiri
1612,zeina_kad
1613,Junjun19907912
1614,MhMd__TrAd
1615,laughingjackers
1616,tameralomari9
1617,HarithJrt
1618,MushroommaxG
1619,Razan99207201
1620,a7mdt_
1621,aidanconrad12
1622,kaabnah_alwesam
1623,Bookshudag
1624,hamed_os
1625,DurrWes
1626,queen_ghazalali
1627,mustafvv
1628,SPARKorg
1629,JbaraJbara10
1630,widdad_freawan
1631,sfajmii
1632,OmarmanasrahE
1633,MarwanAlrawwash
1634,mm_tt_111
1635,Bashar_alajarma
1636,SawadAlqahwa
1637,designer_Saddam
1638,HitlerBn5
1639,Brazil_Men
1640,ahmadalmasandeh
1641,mamd1_h
1642,Sergiokiitchenz
1643,Awrf__
1644,BenBakebergMN
1645,Cartiles60
1646,Keaters_28
1647,mahdiharahsha
1648,alzaben_hamoda
1649,Mhmoudalwaked71
1650,M3arabiat
1651,AlmahaFawwaz
1652,Janakhallil
1653,MortensonDP
1654,ElgldawyAmr
1655,Mo3athBaioud
1656,iam_resiliency
1657,JiuzeVo
1658,MrObinya
1659,siedramarwan
1660,Indyboi_Racing
1661,RMQ1984
1662,BayanAlrousan1
1663,b7t0o
1664,RG_VidAnalysis
1665,ErdemOzanTR
1666,Firas_Mahadin
1667,DzemaChristian
1668,moyerthibaut
1669,Ab_r75
1670,KhaledElAhmad
1671,hadad89
1672,tawfiq_owaida
1673,abood_deeb1
1674,thea77x
1675,AlqaseerShorouq
1676,GloomyVerges
1677,CaritasJordan
1678,AhmadAlkhwadeh
1679,samar_dani
1680,salimosaid
1681,RebeccaPalmer
1682,crazyjuliepop
1683,AaronCollectPDX
1684,AlbhlwlyGhyth
1685,B_R_abualghnm
1686,6_rlvv
1687,rollinthebet
1688,TattooedPho3nix
1689,Sadeenalkabari1
1690,X_H4ck3r00
1691,CaroleBorys
1692,AlazzehLara
1693,odai_firas1
1694,mikanichigo32
1695,_ev330_
1696,mettabarnum
1697,MattGraySLC
1698,sr_agency2023
1699,Mustafa_photos
1700,FortySixLIVE
1701,mason_zehr
1702,c5ji9
1703,alexa_jamile
1704,satoshiq8
1705,TurkiAlshayji
1706,YamanMomanii
1707,FtoomTu
1708,Jake_daaa_Snake
1709,Aabadi002
1710,1piz0
1711,yourpodcastguy
1712,TamaraVaifanua
1713,themostsadlyman
1714,HarethAlsheyab
1715,angrypicnic27
1716,FinebergDouglas
1717,1Happiness0
1718,haya_abbas2
1719,WalidAbuTaleb44
1720,MAlmashahreh
1721,akherkhaber
1722,shhahhd21
1723,m2_aldham
1724,Alien_alhunite
1725,n6t5_178
1726,tweetgogirl770
1727,AttorneyFadi
1728,c11drama
1729,mogh1962
1730,abrahym_nmrawy
1731,_kcjx
1732,r22e22
1733,techMoelogy
1734,YaraMouti
1735,maddyyypryor
1736,internetdragun
1737,nxrreya
1738,atinrara23
1739,razanabutaleb1
1740,MutazEidJo
1741,mo_ostath
1742,olivialammel
